Date,Average Flow,Average Temperature,Average Flow Scaled,Cluster,Cluster_0_Prob,Cluster_1_Prob,Cluster_2_Prob,Cluster_3_Prob,Cluster Name,Average Temperature (K),k
2021-02-01,77.44,2.32,-0.5677031120104947,0,0.9897159653513844,0.0102545241578523,1.713297141918346e-27,2.9510490763219e-05,Lower-Medium,275.47,1.041
2021-02-02,76.27,2.47,-0.5733264798914692,0,0.989726500080686,0.0102118297693222,1.356185397227544e-27,6.167014999159374e-05,Lower-Medium,275.62,1.054
2021-02-03,73.63,2.33,-0.586015104853668,0,0.9895496713672136,0.0101497976138889,8.016787087718849e-28,0.0003005310188976,Lower-Medium,275.48,1.042
2021-02-04,79.84,2.53,-0.5561679984084957,0,0.9896209343920944,0.010372983510816,2.77164055228519e-27,6.082097089456815e-06,Lower-Medium,275.68,1.059
2021-02-05,74.46,2.58,-0.58202587806631,0,0.989650782710636,0.0101643763085441,9.455380731452052e-28,0.0001848409808197,Lower-Medium,275.73,1.064
2021-05-01,177.12,6.4,-0.0886113937408064,0,0.6663199088619775,0.3336800911380226,3.437570920489476e-18,4.734210850797032e-67,Lower-Medium,279.55,1.45
2021-05-02,216.34,6.17,0.0998915877051924,1,0.0604969702299345,0.939503029770061,4.6691172091480446e-15,5.9098423237190025e-111,Upper-Medium,279.32,1.423
2021-05-03,215.88,6.3,0.097680690931476,1,0.0631961158674814,0.9368038841325144,4.342714891135757e-15,2.26033251440499e-110,Upper-Medium,279.45,1.438
2021-05-04,224.9,6.16,0.1410334928856553,1,0.0256905156849151,0.9743094843150673,1.7460349549420712e-14,4.437835945316203e-122,Upper-Medium,279.31,1.422
2021-05-05,287.48,6.84,0.441811580057777,1,8.108068845256584e-06,0.9999918918279492,1.0320545339630367e-10,2.1126295859891783e-219,Upper-Medium,279.99,1.501
2021-08-01,577.63,17.23,1.836358751566104,2,3.901877241835894e-38,0.3448315439436688,0.6551684560563311,0.0,High,290.38,3.335
2021-08-02,465.06,17.48,1.295313860659013,1,2.830520723316401e-22,0.9950518022406838,0.0049481977593163,0.0,Upper-Medium,290.63,3.397
2021-08-03,573.18,17.86,1.814970728429064,2,2.0740790978405506e-37,0.3812111369571958,0.618788863042804,0.0,High,291.01,3.494
2021-08-04,587.46,17.78,1.883604654360958,2,9.244854660961108e-40,0.2754898722294393,0.7245101277705608,0.0,High,290.93,3.474
2021-08-05,642.14,17.78,2.1464129925931665,2,3.0665200676146226e-49,0.0991782454956653,0.9008217545043348,0.0,High,290.93,3.474
2021-11-01,111.35,2.23,-0.4047215694089184,0,0.98256577635239,0.0174342236476099,1.8647906442900723e-24,1.332365144778574e-18,Lower-Medium,275.38,1.033
2021-11-02,122.66,2.34,-0.3503623465594985,0,0.975232244279682,0.0247677557203181,2.1051066040550225e-23,8.388191283397924e-25,Lower-Medium,275.49,1.043
2021-11-03,102.09,2.55,-0.4492278827232975,0,0.9860551684780658,0.0139448315218987,2.65030525780348e-25,3.5448519292113185e-14,Lower-Medium,275.7,1.061
2021-11-04,110.39,3.13,-0.4093356148497179,0,0.9830108237128308,0.0169891762871692,1.5211374378740464e-24,4.079745836799048e-18,Lower-Medium,276.28,1.113
2021-11-05,113.7,3.12,-0.3934267706736277,0,0.981377719048248,0.0186222809517521,3.074477367932001e-24,8.096309553686503e-20,Lower-Medium,276.27,1.112
2022-02-01,103.63,3.23,-0.4418261848286816,0,0.985586024268534,0.0144139757314588,3.658361747597072e-25,7.151064627822066e-15,Lower-Medium,276.38,1.122
2022-02-02,99.23,2.81,-0.4629738930990129,0,0.9868296619295216,0.0131703380698507,1.459833292492441e-25,6.276102654109283e-13,Lower-Medium,275.96,1.084
2022-02-03,119.42,2.57,-0.365934749922197,0,0.9777958484200944,0.0222041515799054,1.04660440972151e-23,6.160637192940482e-23,Lower-Medium,275.72,1.063
2022-02-04,99.43,2.38,-0.4620126336321796,0,0.9867793414353966,0.0132206585640879,1.5218528540159323e-25,5.155021973450694e-13,Lower-Medium,275.53,1.046
2022-02-05,102.75,2.54,-0.4460557264827478,0,0.9858588156457764,0.0141411843542054,3.042610372629725e-25,1.7932064237720804e-14,Lower-Medium,275.69,1.06
2022-05-01,189.78,5.36,-0.0277636694902621,1,0.4257523686402645,0.5742476313597353,4.5895278800274516e-17,6.226150807550744e-80,Upper-Medium,278.51,1.334
2022-05-02,174.87,6.25,-0.0994255627426804,0,0.7018081117497912,0.2981918882502086,2.122934419336861e-18,6.88423086669585e-65,Lower-Medium,279.4,1.432
2022-05-03,178.89,7.03,-0.0801042474593323,0,0.6364102145135417,0.3635897854864584,5.0035625454727135e-18,8.860614595668874e-69,Lower-Medium,280.18,1.524
2022-05-04,172.43,7.08,-0.1111529282380459,0,0.736940456204442,0.2630595437955579,1.2521628831028352e-18,1.3827830139592612e-62,Lower-Medium,280.23,1.53
2022-05-05,127.18,6.43,-0.3286378826090672,0,0.9708227229649816,0.0291772770350182,5.612615860379156e-23,1.5860133355444911e-27,Lower-Medium,279.58,1.453
2023-08-01,662.52,17.23,2.244365332263474,2,6.326784655537442e-53,0.0815408843002168,0.9184591156997832,0.0,High,290.38,3.335
2023-08-02,714.13,17.48,2.4924183376797924,2,1.3799839557699284e-62,0.0857040296474118,0.9142959703525884,0.0,High,290.63,3.397
2023-08-03,707.66,17.86,2.4613215939277366,2,2.380859399945335e-61,0.0815720360882785,0.9184279639117212,0.0,High,291.01,3.494
2023-08-04,668.98,17.78,2.275414013042188,2,4.14448917115239e-54,0.0785770574037706,0.9214229425962296,0.0,High,290.93,3.474
2023-08-05,661.26,17.78,2.2383093976224244,2,1.0744872447985436e-52,0.0822490779972882,0.9177509220027118,0.0,High,290.93,3.474
2023-08-06,647.54,18.42,2.172366998197664,2,3.291990862502365e-50,0.0930914893963904,0.9069085106036096,0.0,High,291.57,3.641
2023-08-08,563.91,18.94,1.7704163521413434,2,6.389188526307034e-36,0.4660636311127697,0.5339363688872303,0.0,High,292.09,3.783
2023-08-09,499.63,18.82,1.4614675595011393,1,1.3020423705070574e-26,0.9544764125440558,0.0455235874559439,0.0,Upper-Medium,291.97,3.75
2023-08-10,521.37,17.87,1.565956463545913,1,1.469337584248517e-29,0.8604014964603259,0.1395985035396741,0.0,Upper-Medium,291.02,3.497
2023-08-11,583.5,17.52,1.86457171691766,2,4.209716224760988e-39,0.3015927007050675,0.6984072992949325,0.0,High,290.67,3.407
2023-08-12,618.93,18.31,2.0348588314671683,2,3.883485105099909e-45,0.1420820739476295,0.8579179260523705,0.0,High,291.46,3.612
2023-08-13,644.01,18.45,2.1554007686080574,2,1.417841364577577e-49,0.0969380948547168,0.9030619051452832,0.0,High,291.6,3.649
2023-08-15,696.54,19.39,2.4078755675718084,2,3.0563952664191413e-59,0.0771082284093705,0.9228917715906294,0.0,High,292.54,3.909
2023-08-16,681.42,19.24,2.335204351879215,2,2.076498637078156e-56,0.0757589507337792,0.9242410492662207,0.0,High,292.39,3.867
2023-08-17,700.05,18.75,2.424745671214732,2,6.637836290339061e-60,0.0781814003375834,0.9218185996624164,0.0,High,291.9,3.73
2023-08-18,671.16,18.89,2.28589174123067,2,1.6457114346025826e-54,0.0778170696947302,0.9221829303052698,0.0,High,292.04,3.769
2023-08-19,627.95,16.16,2.0782116334213483,2,1.0171291718822855e-46,0.1215941547429027,0.8784058452570973,0.0,High,289.31,3.08
2023-08-20,610.35,15.36,1.9936208003400224,2,1.1972246294252297e-43,0.1675382081311252,0.8324617918688746,0.0,High,288.51,2.901
2023-08-22,506.85,16.93,1.4961690262538194,1,1.4333537942112338e-27,0.9321011610567472,0.0678988389432527,0.0,Upper-Medium,290.08,3.262
2023-08-23,468.29,16.49,1.3108382010483703,1,1.1565493105268663e-22,0.9937951772385168,0.0062048227614831,0.0,Upper-Medium,289.64,3.157
2023-08-24,501.66,16.05,1.471224343089497,1,7.033364214830484e-27,0.9489309480260112,0.0510690519739887,0.0,Upper-Medium,289.2,3.055
2023-08-25,512.25,15.72,1.522123031858317,1,2.670279397286127e-28,0.9100022618259148,0.089997738174085,0.0,Upper-Medium,288.87,2.98
2023-08-26,551.51,16.69,1.7108182651976824,1,5.535593327458451e-34,0.5923048379507246,0.4076951620492752,0.0,Upper-Medium,289.84,3.204
2023-08-27,595.07,17.07,1.920180577073963,2,4.877692827803291e-41,0.2319696331475185,0.7680303668524814,0.0,High,290.22,3.296
2023-08-29,535.17,17.38,1.6322833667574064,1,1.5589521905098064e-31,0.7540971701079898,0.2459028298920101,0.0,Upper-Medium,290.53,3.372
2023-08-30,382.96,17.23,0.900716849523967,1,1.795622166197443e-13,0.9999950598422432,4.9401575769823244e-06,0.0,Upper-Medium,290.38,3.335
2023-09-01,286.49,15.58,0.4370533456969525,1,9.413588502713397e-06,0.9999905863206138,9.088365465306038e-11,1.2085184848891786e-217,Upper-Medium,288.73,2.949
2023-09-02,343.98,15.69,0.7133673794381682,1,5.180286753016173e-10,0.9999999129075784,8.657439300556748e-08,0.0,Upper-Medium,288.84,2.974
2023-09-03,370.57,16.2,0.8411668255536476,1,2.536084135532051e-12,0.9999985593573996,1.44064006439727e-06,0.0,Upper-Medium,289.35,3.089
2023-09-04,358.25,16.36,0.7819532423967199,1,3.17173714573796e-11,0.9999995971897774,4.027785055098189e-07,0.0,Upper-Medium,289.51,3.126
2023-09-05,386.64,16.08,0.9184040237136988,1,8.010625524139628e-14,0.9999929440601524,7.055939767326969e-06,0.0,Upper-Medium,289.23,3.062
2023-09-06,424.31,15.53,1.09945724429174,1,1.1973956596320345e-17,0.9997890906550124,0.0002109093449876,0.0,Upper-Medium,288.68,2.938
2023-09-08,411.07,15.26,1.0358218675873794,1,2.964947552795138e-16,0.9999326755028296,6.732449717019468e-05,0.0,Upper-Medium,288.41,2.879
2023-09-09,431.41,15.48,1.1335819553643205,1,2.036133554780931e-18,0.9996199162023992,0.0003800837976007,0.0,Upper-Medium,288.63,2.927
2023-09-10,437.18,15.76,1.1613142909824592,1,4.70079166767588e-19,0.9993939508904331,0.0006060491095669,0.0,Upper-Medium,288.91,2.989
2023-09-11,420.57,16.49,1.0814816922619583,1,3.001661733745151e-17,0.9998463596850744,0.0001536403149256,0.0,Upper-Medium,289.64,3.157
2023-09-12,358.95,16.5,0.7853176505306363,1,2.755482261365778e-11,0.9999995663773394,4.3359510557160123e-07,0.0,Upper-Medium,289.65,3.159
2023-09-13,322.6,16.5,0.6106087424336946,1,2.6052447028771344e-08,0.9999999662977812,7.649771647447314e-09,2.8435677586628273e-286,Upper-Medium,289.65,3.159
2023-09-15,407.86,15.47,1.020393653144706,1,6.33713542739428e-16,0.9999493906182432,5.060938175603181e-05,0.0,Upper-Medium,288.62,2.925
2023-09-16,405.69,16.03,1.0099639879295652,1,1.0546685653922817e-15,0.9999583489683612,4.1651031637668e-05,0.0,Upper-Medium,289.18,3.05
2023-09-17,417.42,16.64,1.066341855659335,1,6.459741845020652e-17,0.9998827549654128,0.000117245034587,0.0,Upper-Medium,289.79,3.192
2023-09-18,352.9,16.26,0.7562395516589306,1,9.190684752204135e-11,0.999999771827086,2.280810074375952e-07,0.0,Upper-Medium,289.41,3.103
2023-09-19,268.56,13.16,0.3508764344953522,1,0.000124849400246,0.9998751505911508,8.602847234210772e-12,5.016256588419336e-187,Upper-Medium,286.31,2.457
2023-09-20,165.89,11.34,-0.1425861128034931,0,0.8140396637435428,0.1859603362564573,2.9805775829125764e-19,1.2558613805552193e-56,Lower-Medium,284.49,2.137
2023-09-22,166.12,10.51,-0.1414806644166348,0,0.8117294129812629,0.188270587018737,3.136094914565395e-19,7.845990825347595e-57,Lower-Medium,283.66,2.004
2023-09-23,125.5,10.82,-0.3367124621304664,0,0.9725887713069824,0.0274112286930175,3.895252345593325e-23,1.6939147457296494e-26,Lower-Medium,283.97,2.052
2023-09-24,117.59,11.88,-0.3747302740437211,0,0.9790607354576388,0.0209392645423612,7.063910263776314e-24,6.4827383980307e-22,Lower-Medium,285.03,2.227
2023-09-25,113.97,12.09,-0.3921290703934029,0,0.9812316683662624,0.0187683316337374,3.2566661785018944e-24,5.836013156351467e-20,Lower-Medium,285.24,2.264
2023-09-26,94.53,12.08,-0.4855634905695941,0,0.9878628987978308,0.012137101148808,5.51438371756535e-26,5.336113647104239e-11,Lower-Medium,285.23,2.262
2023-09-27,106.01,12.1,-0.4303871971733659,0,0.9847813230663416,0.0152186769336576,6.030683559901872e-25,5.59773209070868e-16,Lower-Medium,285.25,2.265
2023-09-29,118.57,11.1,-0.3700201026562383,0,0.978398561515482,0.0216014384845179,8.717997976563669e-24,1.850291472443487e-22,Lower-Medium,284.25,2.097
2023-09-30,112.83,10.38,-0.3976082493543524,0,0.9818345863339352,0.0181654136660646,2.5543756013999496e-24,2.3067357627565454e-19,Lower-Medium,283.53,1.984
2023-10-01,124.6,9.72,-0.341038129731216,0,0.9734706873802274,0.0265293126197725,3.204179102620623e-23,5.915005572903045e-26,Lower-Medium,282.87,1.884
2023-10-02,124.54,9.2,-0.341326507571266,0,0.973527970360578,0.0264720296394219,3.162760000065954e-23,6.426313114547723e-26,Lower-Medium,282.35,1.809
2023-10-03,110.29,9.27,-0.4098162445831345,0,0.9830559172353128,0.0169440827646871,1.4892302179184635e-24,4.580325561946644e-18,Lower-Medium,282.42,1.819
2023-10-04,128.46,9.88,-0.3224858220213344,0,0.9693641715596956,0.0306358284403043,7.417977340290363e-23,2.532938494392431e-28,Lower-Medium,283.03,1.908
2023-10-06,120.49,11.05,-0.3607920117746392,0,0.9769975672641108,0.0230024327358891,1.3177739416136368e-23,1.5182915122389597e-23,Lower-Medium,284.2,2.089
2023-10-07,120.03,10.54,-0.3630029085483556,0,0.9773463079400998,0.0226536920599003,1.1934511376582037e-23,2.778535710946809e-23,Lower-Medium,283.69,2.008
2023-10-08,113.78,10.01,-0.3930422668868945,0,0.981334658934783,0.018665341065217,3.1273618333008327e-24,7.348766486407959e-20,Lower-Medium,283.16,1.927
2023-10-09,120.69,9.96,-0.3598307523078059,0,0.9768432647139051,0.0231567352860947,1.3758211047059342e-23,1.1662441808961381e-23,Lower-Medium,283.11,1.92
2023-10-10,117.64,10.3,-0.3744899591770129,0,0.9790277716660624,0.0209722283339377,7.140087615065707e-24,6.083257719566558e-22,Lower-Medium,283.45,1.971
2023-10-11,114.79,10.71,-0.3881879065793865,0,0.9807752827721912,0.0192247172278088,3.8794727668584384e-24,2.1442634088080966e-20,Lower-Medium,283.86,2.035
2023-10-13,78.96,8.96,-0.560397540062562,0,0.9896643908535422,0.0103246410040652,2.3229115254821056e-27,1.096814239260764e-05,Lower-Medium,282.11,1.775
2023-10-14,83.08,8.75,-0.5405955950457972,0,0.989397656878256,0.010601718565881,5.323729736856506e-27,6.245558630103391e-07,Lower-Medium,281.9,1.746
2023-10-15,75.52,8.98,-0.5769312028920939,0,0.9897127176844644,0.0101894828129723,1.1677649239981957e-27,9.779950256334252e-05,Lower-Medium,282.13,1.778
2023-10-16,97.22,9.36,-0.472634550740687,0,0.9873055147134336,0.0126944852821876,9.617390644106234e-26,4.378905068788461e-12,Lower-Medium,282.51,1.832
2023-10-17,98.11,9.91,-0.468356946113279,0,0.9871013911091318,0.0128986088890011,1.156728781728126e-25,1.8672691728485124e-12,Lower-Medium,283.06,1.912
2023-10-18,94.05,9.89,-0.4878705132899938,0,0.9879534421946174,0.0120465577230103,4.994755884865935e-26,8.237224023705914e-11,Lower-Medium,283.04,1.909
2023-10-20,100.27,10.25,-0.45797534387148,0,0.9865618591592894,0.0134381408404864,1.8127300795729325e-25,2.2403330406742362e-13,Lower-Medium,283.4,1.964
2023-10-21,98.12,9.65,-0.4683088831399373,0,0.9870990391278472,0.0129009608703034,1.15913251774955e-25,1.84934127007166e-12,Lower-Medium,282.8,1.874
2023-10-22,100.74,9.31,-0.4557163841244219,0,0.9864357511178682,0.0135642488819919,1.9993251311211504e-25,1.39863685177213e-13,Lower-Medium,282.46,1.825
2023-10-23,183.87,8.46,-0.0561688867351844,0,0.544208708156644,0.4557912918433562,1.408878178857824e-17,9.110030738502128e-74,Lower-Medium,281.61,1.707
2023-10-24,233.59,8.03,0.1828002167195596,1,0.0100058300250711,0.9899941699748652,6.367458541804599e-14,6.451597491348171e-134,Upper-Medium,281.18,1.65
2023-10-25,165.51,7.92,-0.1444125057904762,0,0.8177964675032036,0.1822035324967966,2.740219720410965e-19,2.726710837163273e-56,Lower-Medium,281.07,1.636
2023-11-01,60.5,2.23,-0.6491217888512704,0,0.8563220306593433,0.0091703380335585,5.28498701932321e-29,0.1345076313070982,Lower-Medium,275.38,1.033
2023-11-02,65.18,2.34,-0.6266283173273725,0,0.967565976113564,0.010063211157649,1.4838556560067528e-28,0.0223708127287867,Lower-Medium,275.49,1.043
2023-11-03,68.14,2.55,-0.6124016772182405,0,0.984202168052172,0.0101286934967225,2.695710954737406e-28,0.0056691384511055,Lower-Medium,275.7,1.061
2023-11-04,65.64,3.13,-0.6244174205536561,0,0.971648998608428,0.0100850396659306,1.630306514565268e-28,0.0182659617256412,Lower-Medium,276.28,1.113
2023-11-16,72.86,3.5,-0.589715953800976,0,0.9893928003971928,0.01014002083624,6.879814332128128e-28,0.0004671787665668,Lower-Medium,276.65,1.147
2023-11-17,73.35,2.53,-0.5873608681072345,0,0.9895009515439466,0.0101458390458175,7.58295875207607e-28,0.0003532094102358,Lower-Medium,275.68,1.059
2023-11-18,64.51,2.01,-0.6298485365412639,0,0.9601517810076522,0.0100185338525377,1.291926189017512e-28,0.02982968513981,Lower-Medium,275.16,1.015
2023-11-19,61.77,1.79,-0.6430177912368792,0,0.9031498953250532,0.0095808691299784,7.129907068033363e-29,0.0872692355449686,Lower-Medium,274.94,0.997
2023-11-20,76.08,2.23,-0.5742396763849608,0,0.9897248276555984,0.0102058022412813,1.3057308727270747e-27,6.937010312022468e-05,Lower-Medium,275.38,1.033
2023-11-21,60.15,3.18,-0.6508039929182285,0,0.8406743774961865,0.0090280321253472,4.8485936359048407e-29,0.1502975903784661,Lower-Medium,276.33,1.117
2023-11-22,37.78,4.1,-0.7583208642835267,3,0.0721908583662564,0.0011080573394205,6.038221759381366e-32,0.9267010842943232,Low,277.25,1.204
2023-11-23,55.08,3.23,-0.6751719204024513,0,0.5127083057145052,0.0057895718690436,1.1141953811650981e-29,0.4815021224164511,Lower-Medium,276.38,1.122
2023-11-24,51.27,2.97,-0.6934839132456245,3,0.2844952922852814,0.0033758960202321,2.9880898834980767e-30,0.7121288116944863,Low,276.12,1.098
2023-11-25,63.82,2.71,-0.6331648817018386,0,0.95031850737023,0.0099523710137356,1.1177247185852935e-28,0.0397291216160343,Lower-Medium,275.86,1.075
2023-11-26,52.79,2.81,-0.686178341297692,3,0.3634363547932804,0.0042229915935085,5.0984556972915286e-30,0.6323406536132111,Low,275.96,1.084
2023-11-27,51.4,2.85,-0.6928590945921829,3,0.2905490519629323,0.0034413256010578,3.1280461407929493e-30,0.7060096224360097,Low,276.0,1.087
2023-11-28,48.41,3.26,-0.70722992362134,3,0.1815182928100781,0.0022506308957603,1.1085835650667388e-30,0.8162310762941615,Low,276.41,1.125
2023-11-29,43.19,3.27,-0.7323187957056876,3,0.0960324032901123,0.0013092564120785,2.1976237766498102e-31,0.9026583402978092,Low,276.42,1.126
2023-12-08,66.89,2.1,-0.6184095488859483,0,0.9795621781205625,0.0101184255012631,2.099317723376986e-28,0.0103193963781745,Lower-Medium,275.25,1.022
2023-12-09,62.7,2.1,-0.6385479347161047,0,0.9283665642226516,0.0097874865765328,8.780215972970866e-29,0.0618459492008155,Lower-Medium,275.25,1.022
2023-12-10,53.47,1.87,-0.6829100591104589,3,0.4043945610999891,0.0046574029332208,6.459053733503773e-30,0.5909480359667901,Low,275.02,1.003
2023-12-11,68.85,1.8,-0.6089892061109825,0,0.9858840384388536,0.0101295734994127,3.1048842456511115e-28,0.0039863880617333,Lower-Medium,274.95,0.997
2023-12-12,63.14,2.77,-0.6364331638890717,0,0.9379810165778308,0.0098619583081478,9.66386588142104e-29,0.0521570251140212,Lower-Medium,275.92,1.08
2023-12-13,56.92,3.0,-0.6663283333075853,0,0.6451342817836706,0.0071384911447761,1.9956922012541894e-29,0.3477272270715531,Lower-Medium,276.15,1.101
2023-12-14,41.35,3.02,-0.7411623828005534,3,0.0832010084836833,0.0011782641327153,1.3503907809049422e-31,0.9156207273836012,Low,276.17,1.103
2023-12-21,20.2,2.09,-0.8428155714181689,3,0.4007135638459179,0.0104152493719989,1.374161870592718e-32,0.588871186782083,Low,275.24,1.022
2023-12-26,36.1,2.71,-0.7663954438049261,3,0.0719830919055349,0.0011510840057765,4.4146588479133236e-32,0.9268658240886886,Low,275.86,1.075
2023-12-29,30.63,3.24,-0.7926858902228152,3,0.094529621772716,0.0017512149796792,2.126534303079203e-32,0.9037191632476046,Low,276.39,1.123
2023-12-31,29.53,2.6,-0.797972817290398,3,0.104977191920835,0.002008237813433,1.9328693326334366e-32,0.8930145702657319,Low,275.75,1.065
2024-01-02,31.0,3.09,-0.7909075602091737,3,0.0915841125844263,0.0016787368343103,2.2041029033099952e-32,0.9067371505812633,Low,276.24,1.109
2024-01-04,31.17,2.97,-0.7900904896623654,3,0.0903177442787338,0.0016475243754641,2.2421147603462808e-32,0.908034731345802,Low,276.12,1.098
2024-01-05,31.59,2.77,-0.7880718447820156,3,0.087411346549314,0.0015756758302516,2.3429294874788568e-32,0.9110129776204344,Low,275.92,1.08
2024-01-07,22.66,2.73,-0.8309920799761199,3,0.2709507502477304,0.0064573858317519,1.4426379244805882e-32,0.7225918639205177,Low,275.88,1.077
2024-01-08,34.46,3.07,-0.7742777714329585,3,0.0746839709193337,0.0012453891926808,3.386798789337887e-32,0.9240706398879855,Low,276.22,1.107
2024-01-10,38.47,2.6,-0.7550045191229521,3,0.0731427729926802,0.0011045642420575,6.951530907945973e-32,0.9257526627652624,Low,275.75,1.065
2024-01-11,31.69,1.98,-0.787591215048599,3,0.0867642322762139,0.0015596214582414,2.368462758172579e-32,0.9116761462655446,Low,275.13,1.012
2024-01-12,36.08,1.53,-0.7664915697516094,3,0.071998470426375,0.0011519054379654,4.399349084659205e-32,0.9268496241356596,Low,274.68,0.975
2024-01-14,28.97,1.24,-0.8006643437975312,3,0.11139674528366,0.0021668819597839,1.8525375197746543e-32,0.886436372756556,Low,274.39,0.952
2024-01-15,35.06,1.09,-0.7713939930324588,3,0.0733513021793696,0.0012042914874011,3.7143576261501607e-32,0.9254444063332292,Low,274.24,0.94
2024-01-17,28.11,1.6,-0.804797759504914,3,0.122948686264917,0.0024546803835918,1.7491218515601701e-32,0.8745966333514911,Low,274.75,0.981
2024-01-19,33.3,2.12,-0.7798530763405913,3,0.0784755383016816,0.0013495225972745,2.876274744814597e-32,0.920174939101044,Low,275.27,1.024
2024-01-20,30.23,1.66,-0.7946084091564817,3,0.0980223358851901,0.0018370721987623,2.05008226146265e-32,0.9001405919160475,Low,274.81,0.986
2024-01-21,37.44,2.52,-0.7599550053771433,3,0.0719094633577783,0.0011127521204568,5.648102924164893e-32,0.9269777845217648,Low,275.67,1.058
2024-01-30,49.43,2.57,-0.7023275003404903,3,0.2120728702839379,0.0025869157941726,1.5709345287751606e-30,0.7853402139218894,Low,275.72,1.063
2024-01-31,36.47,2.49,-0.7646171137912845,3,0.0717746379595944,0.001137245749265,4.712780386909901e-32,0.9270881162911406,Low,275.64,1.056
2024-02-01,46.87,2.46,-0.7146316215159558,3,0.1458372532031135,0.0018558877272566,6.660102845312632e-31,0.8523068590696298,Low,275.61,1.053
2024-02-02,38.6,2.62,-0.7543797004695105,3,0.0733803498458716,0.0011048042125504,7.144152732910361e-32,0.925514845941578,Low,275.77,1.067
2024-02-03,42.81,2.79,-0.7341451886926706,3,0.0928774514673716,0.0012759741556739,1.9796402931764223e-31,0.9058465743769544,Low,275.94,1.082
2024-02-04,39.91,2.61,-0.7480834509617528,3,0.0768595606572073,0.0011231796379922,9.542180534286047e-32,0.9220172597048004,Low,275.76,1.066
2024-02-05,46.24,2.83,-0.7176595888364805,3,0.1342462834141446,0.0017274916340281,5.444840099726766e-31,0.8640262249518272,Low,275.98,1.086
2024-02-06,32.6,2.17,-0.7832174844745078,3,0.0816109292682078,0.0014304058278391,2.6311939626638865e-32,0.916958664903953,Low,275.32,1.028
2024-02-07,47.01,2.42,-0.7139587398891727,3,0.148629896157439,0.0018868282262455,6.969129037461126e-31,0.8494832756163154,Low,275.57,1.05
2024-02-08,32.54,2.79,-0.7835058623145578,3,0.0819118378813312,0.0014380467087387,2.6120494564722464e-32,0.91665011540993,Low,275.94,1.082
2024-02-09,48.7,2.95,-0.7058360973944318,3,0.1895868010487314,0.0023396178247067,1.2231263902842944e-30,0.8080735811265619,Low,276.1,1.096
2024-02-10,42.41,3.31,-0.7360677076263372,3,0.0898574376549285,0.0012446084543453,1.77734565832863e-31,0.9088979538907264,Low,276.46,1.129
2024-02-11,40.82,2.69,-0.7437097203876615,3,0.0805324447702694,0.0011535351666688,1.1842064951020382e-31,0.9183140200630618,Low,275.84,1.073
2024-02-12,41.53,3.1,-0.7402972492804034,3,0.0842028479048977,0.0011879018430648,1.4132833253381486e-31,0.9146092502520372,Low,276.25,1.11
2024-02-13,48.53,3.29,-0.70665316794124,3,0.1848001402489063,0.0022868412289777,1.1545246902914084e-30,0.8129130185221157,Low,276.44,1.127
2024-02-14,36.97,2.81,-0.7622139651242014,3,0.0717210642218719,0.0011225352545238,5.164663848116659e-32,0.9271564005236044,Low,275.96,1.084
2024-02-15,38.86,2.39,-0.7531300631626272,3,0.0739121619642842,0.0011061368153978,7.551252879840828e-32,0.924981701220318,Low,275.54,1.047
2024-02-16,39.13,1.74,-0.7518323628824024,3,0.0745457243298408,0.0011087263406317,8.007092278403626e-32,0.9243455493295276,Low,274.89,0.993
2024-02-17,44.12,2.47,-0.7278489391849129,3,0.1050565001331769,0.00140630166864,2.8614303729953084e-31,0.8935371981981829,Low,275.62,1.054
2024-02-18,27.81,1.75,-0.806239648705164,3,0.1275166363355085,0.0025694230321872,1.718070599022428e-32,0.8699139406323041,Low,274.9,0.993
2024-02-19,45.21,2.16,-0.7226100750906718,3,0.1183697636340369,0.0015520725407648,3.955643930001361e-31,0.8800781638251983,Low,275.31,1.028
2024-02-20,34.44,2.62,-0.7743738973796419,3,0.0747355094204072,0.0012469002365913,3.376703142376938e-32,0.9240175903430016,Low,275.77,1.067
2024-02-21,45.21,3.57,-0.7226100750906718,3,0.1183697636340369,0.0015520725407648,3.955643930001361e-31,0.8800781638251983,Low,276.72,1.153
2024-02-22,33.42,3.11,-0.7792763206604914,3,0.078004772062206,0.0013371038160903,2.9226205440789086e-32,0.9206581241217036,Low,276.26,1.111
2024-02-23,43.44,3.66,-0.731117221372146,3,0.0982694802548205,0.0013330985223884,2.3565110111086803e-31,0.9003974212227912,Low,276.81,1.162
2024-02-24,40.81,3.0,-0.7437577833610031,3,0.0804859928874457,0.0011531197265188,1.1813221718338306e-31,0.9183608873860354,Low,276.15,1.101
2024-02-25,46.35,3.78,-0.7171308961297224,3,0.1361597261404875,0.0017486795650123,5.637986927206397e-31,0.8620915942945001,Low,276.93,1.173
2024-02-26,43.09,3.0,-0.7327994254391041,3,0.0951740492633899,0.0013001579437379,2.1376217576082007e-31,0.9035257927928724,Low,276.15,1.101
2024-02-27,40.62,2.72,-0.7446709798544947,3,0.0796299200358524,0.0011455784131178,1.1281473616912994e-31,0.9192245015510296,Low,275.87,1.076
2024-02-28,45.73,3.19,-0.7201108004769055,3,0.1259423971204571,0.001635627729702,4.640749252285795e-31,0.8724219751498409,Low,276.34,1.118
2024-02-29,35.16,2.69,-0.7709133632990423,3,0.0731686123317727,0.0011982118398214,3.7739148922964567e-32,0.9256331758284058,Low,275.84,1.073
2024-03-01,47.96,3.23,-0.7093927574217147,3,0.1698977335729653,0.0021222600215781,9.530338752932913e-31,0.8279800064054567,Low,276.38,1.122
2024-03-02,41.05,3.64,-0.7426042720008031,3,0.0816401203539078,0.0011636081780182,1.2530268110689866e-31,0.917196271468074,Low,276.79,1.16
2024-03-03,38.84,3.06,-0.7532261891093106,3,0.0738685471423165,0.0011059939155982,7.518861863646122e-32,0.9250254589420852,Low,276.21,1.106
